sigma_in_sq,k_gain,alpha_gain_noise,s_max,amplitude_s_true,optimal_g_mse,min_mse_at_opt_g
0.0001,0.001,1.0,0.75,0.5,0.9999999999999999,0.00010317456207987719
0.0001,0.001,1.0,0.75,1.0,0.9999999999999999,0.015197666613274425
0.0001,0.001,1.0,0.75,1.5,0.9999999999999999,0.19467243848786728
0.0001,0.001,1.0,0.75,2.0,0.9999999999999999,0.6075868033530782
0.0001,0.001,1.0,1.0,0.5,0.9999999999999999,0.00010372910865423852
0.0001,0.001,1.0,1.0,1.0,0.9999999999999999,9.293874142796846e-05
0.0001,0.001,1.0,1.0,1.5,0.9999999999999999,0.07021311389652019
0.0001,0.001,1.0,1.0,2.0,0.9999999999999999,0.3460527888053687
0.0001,0.001,1.0,2.5,0.5,0.9999999999999999,9.851773624289784e-05
0.0001,0.001,1.0,2.5,1.0,0.9999999999999999,9.971926683491187e-05
0.0001,0.001,1.0,2.5,1.5,0.9999999999999999,9.974802158732753e-05
0.0001,0.001,1.0,2.5,2.0,0.9999999999999999,0.00010194599222140445
0.0001,0.001,1.0,5.0,0.5,0.9999999999999999,0.00010062603175325258
0.0001,0.001,1.0,5.0,1.0,0.9999999999999999,9.954975693212464e-05
0.0001,0.001,1.0,5.0,1.5,0.9999999999999999,9.946751724235016e-05
0.0001,0.001,1.0,5.0,2.0,0.9999999999999999,0.00010243906365312114
0.0001,0.001,1.5,0.75,0.5,0.9999999999999999,0.00010413704630817956
0.0001,0.001,1.5,0.75,1.0,0.9999999999999999,0.015199039674629117
0.0001,0.001,1.5,0.75,1.5,0.9999999999999999,0.19466943327046185
0.0001,0.001,1.5,0.75,2.0,0.9999999999999999,0.6075857718109934
0.0001,0.001,1.5,1.0,0.5,0.9999999999999999,9.895747351732565e-05
0.0001,0.001,1.5,1.0,1.0,0.9999999999999999,9.606324771957729e-05
0.0001,0.001,1.5,1.0,1.5,0.9999999999999999,0.07021103328681619
0.0001,0.001,1.5,1.0,2.0,0.9999999999999999,0.3460528863786852
0.0001,0.001,1.5,2.5,0.5,0.9999999999999999,9.96799828244642e-05
0.0001,0.001,1.5,2.5,1.0,0.9999999999999999,0.00010127553857480285
0.0001,0.001,1.5,2.5,1.5,0.9999999999999999,9.72269645044979e-05
0.0001,0.001,1.5,2.5,2.0,0.9999999999999999,9.767423525563102e-05
0.0001,0.001,1.5,5.0,0.5,0.9999999999999999,0.00010110561834244523
0.0001,0.001,1.5,5.0,1.0,0.9999999999999999,9.809227944004366e-05
0.0001,0.001,1.5,5.0,1.5,0.9999999999999999,0.00010211689335340251
0.0001,0.001,1.5,5.0,2.0,0.9999999999999999,0.00010417252971563947
0.0001,0.001,2.0,0.75,0.5,0.9999999999999999,0.00010076443313929934
0.0001,0.001,2.0,0.75,1.0,0.9999999999999999,0.015199027984801241
0.0001,0.001,2.0,0.75,1.5,0.9999999999999999,0.19466907834340838
0.0001,0.001,2.0,0.75,2.0,0.9999999999999999,0.6075849024642913
0.0001,0.001,2.0,1.0,0.5,0.9999999999999999,0.00010405220529250383
0.0001,0.001,2.0,1.0,1.0,0.9999999999999999,9.72544214485213e-05
0.0001,0.001,2.0,1.0,1.5,0.9999999999999999,0.07021242930306801
0.0001,0.001,2.0,1.0,2.0,0.9999999999999999,0.3460533119303878
0.0001,0.001,2.0,2.5,0.5,0.9999999999999999,0.00010255683583673088
0.0001,0.001,2.0,2.5,1.0,0.9999999999999999,9.707823519513624e-05
0.0001,0.001,2.0,2.5,1.5,0.9999999999999999,0.00010014643177750711
0.0001,0.001,2.0,2.5,2.0,0.9999999999999999,9.829340796682527e-05
0.0001,0.001,2.0,5.0,0.5,0.9999999999999999,0.00010517786611105966
0.0001,0.001,2.0,5.0,1.0,0.9999999999999999,9.999510866216976e-05
0.0001,0.001,2.0,5.0,1.5,0.9999999999999999,0.00010349245306120996
0.0001,0.001,2.0,5.0,2.0,0.9999999999999999,9.683315453958717e-05
0.0001,0.01,1.0,0.75,0.5,0.9999999999999999,0.00010160576008656293
0.0001,0.01,1.0,0.75,1.0,0.9999999999999999,0.015198517330345404
0.0001,0.01,1.0,0.75,1.5,0.9999999999999999,0.19466979665151674
0.0001,0.01,1.0,0.75,2.0,0.9999999999999999,0.6075860585491741
0.0001,0.01,1.0,1.0,0.5,0.9999999999999999,0.00010126327738815319
0.0001,0.01,1.0,1.0,1.0,0.9999999999999999,9.655496323502506e-05
0.0001,0.01,1.0,1.0,1.5,0.9999999999999999,0.07021420118761626
0.0001,0.01,1.0,1.0,2.0,0.9999999999999999,0.34605477680866514
0.0001,0.01,1.0,2.5,0.5,0.9999999999999999,9.905705475291727e-05
0.0001,0.01,1.0,2.5,1.0,0.9999999999999999,0.00010360211747560627
0.0001,0.01,1.0,2.5,1.5,0.9999999999999999,0.00010203792540556365
0.0001,0.01,1.0,2.5,2.0,0.9999999999999999,9.953761446220279e-05
0.0001,0.01,1.0,5.0,0.5,0.9999999999999999,9.931559142264531e-05
0.0001,0.01,1.0,5.0,1.0,0.9999999999999999,0.00010053787877321952
0.0001,0.01,1.0,5.0,1.5,0.9999999999999999,0.00010158988894431382
0.0001,0.01,1.0,5.0,2.0,0.9999999999999999,9.939471398018473e-05
0.0001,0.01,1.5,0.75,0.5,0.9999999999999999,9.747115535460557e-05
0.0001,0.01,1.5,0.75,1.0,0.9999999999999999,0.015198549333177208
0.0001,0.01,1.5,0.75,1.5,0.9999999999999999,0.19466856993029144
0.0001,0.01,1.5,0.75,2.0,0.9999999999999999,0.6075862773034564
0.0001,0.01,1.5,1.0,0.5,0.9999999999999999,0.00010237663026385908
0.0001,0.01,1.5,1.0,1.0,0.9999999999999999,9.345675983718657e-05
0.0001,0.01,1.5,1.0,1.5,0.9999999999999999,0.07021052581325624
0.0001,0.01,1.5,1.0,2.0,0.9999999999999999,0.34605487499973225
0.0001,0.01,1.5,2.5,0.5,0.9999999999999999,0.00010148705722282359
0.0001,0.01,1.5,2.5,1.0,0.9999999999999999,0.00010135107952418642
0.0001,0.01,1.5,2.5,1.5,0.9999999999999999,0.00010550203192811946
0.0001,0.01,1.5,2.5,2.0,0.9999999999999999,0.00010145247854926496
0.0001,0.01,1.5,5.0,0.5,0.9999999999999999,9.836338327868668e-05
0.0001,0.01,1.5,5.0,1.0,0.9999999999999999,0.00010556920456393515
0.0001,0.01,1.5,5.0,1.5,0.9999999999999999,9.838127451196774e-05
0.0001,0.01,1.5,5.0,2.0,0.9999999999999999,0.0001017239941454754
0.0001,0.01,2.0,0.75,0.5,0.9999999999999999,0.0001017704453264076
0.0001,0.01,2.0,0.75,1.0,0.9999999999999999,0.015197636598668665
0.0001,0.01,2.0,0.75,1.5,0.9999999999999999,0.19467119799603802
0.0001,0.01,2.0,0.75,2.0,0.9999999999999999,0.6075867698605778
0.0001,0.01,2.0,1.0,0.5,0.9999999999999999,0.00010307189625890966
0.0001,0.01,2.0,1.0,1.0,0.9999999999999999,9.737049052472606e-05
0.0001,0.01,2.0,1.0,1.5,0.9999999999999999,0.0702122384339392
0.0001,0.01,2.0,1.0,2.0,0.9999999999999999,0.34605395898046687
0.0001,0.01,2.0,2.5,0.5,0.9999999999999999,0.0001023037599454338
0.0001,0.01,2.0,2.5,1.0,0.9999999999999999,9.895242670322254e-05
0.0001,0.01,2.0,2.5,1.5,0.9999999999999999,0.0001027179436213773
0.0001,0.01,2.0,2.5,2.0,0.9999999999999999,0.00010498612376539354
0.0001,0.01,2.0,5.0,0.5,0.9999999999999999,0.00010038299447511643
0.0001,0.01,2.0,5.0,1.0,0.9999999999999999,0.00010014850935026114
0.0001,0.01,2.0,5.0,1.5,0.9999999999999999,0.00010338377528079348
0.0001,0.01,2.0,5.0,2.0,0.9999999999999999,0.00010126860136222394
0.0001,0.05,1.0,0.75,0.5,0.9999999999999999,0.00010643810141364065
0.0001,0.05,1.0,0.75,1.0,0.9999999999999999,0.015201301736977655
0.0001,0.05,1.0,0.75,1.5,0.9999999999999999,0.1946739704383404
0.0001,0.05,1.0,0.75,2.0,0.9999999999999999,0.6075895673142018
0.0001,0.05,1.0,1.0,0.5,0.9999999999999999,0.0001038187638126259
0.0001,0.05,1.0,1.0,1.0,0.9999999999999999,9.953132407936892e-05
0.0001,0.05,1.0,1.0,1.5,0.9999999999999999,0.07021521102866221
0.0001,0.05,1.0,1.0,2.0,0.9999999999999999,0.3460551664905105
0.0001,0.05,1.0,2.5,0.5,0.9999999999999999,0.00010580433421977179
0.0001,0.05,1.0,2.5,1.0,0.9999999999999999,0.00010952201953720059
0.0001,0.05,1.0,2.5,1.5,0.9999999999999999,0.00010574171469558023
0.0001,0.05,1.0,2.5,2.0,0.9999999999999999,9.990740449586492e-05
0.0001,0.05,1.0,5.0,0.5,0.9999999999999999,0.00010557059891513787
0.0001,0.05,1.0,5.0,1.0,0.9999999999999999,0.00010230039451733742
0.0001,0.05,1.0,5.0,1.5,0.9999999999999999,0.00010863899200693145
0.0001,0.05,1.0,5.0,2.0,0.9999999999999999,0.0001033571041015278
0.0001,0.05,1.5,0.75,0.5,0.9999999999999999,0.0001046664477268785
0.0001,0.05,1.5,0.75,1.0,0.9999999999999999,0.01520125422845323
0.0001,0.05,1.5,0.75,1.5,0.9999999999999999,0.19467131511885932
0.0001,0.05,1.5,0.75,2.0,0.9999999999999999,0.6075863455966285
0.0001,0.05,1.5,1.0,0.5,0.9999999999999999,0.0001078229454318834
0.0001,0.05,1.5,1.0,1.0,0.9999999999999999,9.839574163613637e-05
0.0001,0.05,1.5,1.0,1.5,0.9999999999999999,0.07021716492657741
0.0001,0.05,1.5,1.0,2.0,0.9999999999999999,0.34605411384768847
0.0001,0.05,1.5,2.5,0.5,0.9999999999999999,0.00010366262208098546
0.0001,0.05,1.5,2.5,1.0,0.9999999999999999,0.00010621438697394267
0.0001,0.05,1.5,2.5,1.5,0.9999999999999999,0.00010585672254893004
0.0001,0.05,1.5,2.5,2.0,0.9999999999999999,0.00010201713575288453
0.0001,0.05,1.5,5.0,0.5,0.9999999999999999,0.00010679348893633
0.0001,0.05,1.5,5.0,1.0,0.9999999999999999,0.00010508974695438015
0.0001,0.05,1.5,5.0,1.5,0.9999999999999999,0.00010358125222940991
0.0001,0.05,1.5,5.0,2.0,0.9999999999999999,0.00010765995105313331
0.0001,0.05,2.0,0.75,0.5,0.9999999999999999,0.00010309814789452854
0.0001,0.05,2.0,0.75,1.0,0.9999999999999999,0.015203105699168324
0.0001,0.05,2.0,0.75,1.5,0.9999999999999999,0.1946730628160593
0.0001,0.05,2.0,0.75,2.0,0.9999999999999999,0.6075892756010516
0.0001,0.05,2.0,1.0,0.5,0.9999999999999999,0.00010404275802895981
0.0001,0.05,2.0,1.0,1.0,0.9999999999999999,0.00010023846197356242
0.0001,0.05,2.0,1.0,1.5,0.9999999999999999,0.07021425303239665
0.0001,0.05,2.0,1.0,2.0,0.9999999999999999,0.34605259074017847
0.0001,0.05,2.0,2.5,0.5,0.9999999999999999,0.00011031147811622845
0.0001,0.05,2.0,2.5,1.0,0.9999999999999999,0.00010756402506839852
0.0001,0.05,2.0,2.5,1.5,0.9999999999999999,0.00010119899454573899
0.0001,0.05,2.0,2.5,2.0,0.9999999999999999,0.00010283393495087812
0.0001,0.05,2.0,5.0,0.5,0.9999999999999999,0.00010683773184894487
0.0001,0.05,2.0,5.0,1.0,0.9999999999999999,0.0001066797338478289
0.0001,0.05,2.0,5.0,1.5,0.9999999999999999,0.00010862152129336065
0.0001,0.05,2.0,5.0,2.0,0.9999999999999999,0.00010380069652628496
0.0001,0.1,1.0,0.75,0.5,0.9999999999999999,0.00010506499885594419
0.0001,0.1,1.0,0.75,1.0,0.9999999999999999,0.015201036635241267
0.0001,0.1,1.0,0.75,1.5,0.9999999999999999,0.19467369429864426
0.0001,0.1,1.0,0.75,2.0,0.9999999999999999,0.6075890183987624
0.0001,0.1,1.0,1.0,0.5,0.9999999999999999,0.00010919545127603728
0.0001,0.1,1.0,1.0,1.0,0.9999999999999999,0.0001042457370728602
0.0001,0.1,1.0,1.0,1.5,0.9999999999999999,0.07021431571258223
0.0001,0.1,1.0,1.0,2.0,0.9999999999999999,0.34605609746160404
0.0001,0.1,1.0,2.5,0.5,0.9999999999999999,0.00010591120057005885
0.0001,0.1,1.0,2.5,1.0,0.9999999999999999,0.0001154610227089228
0.0001,0.1,1.0,2.5,1.5,0.9999999999999999,0.00011398467825693115
0.0001,0.1,1.0,2.5,2.0,0.9999999999999999,0.00010875312815334642
0.0001,0.1,1.0,5.0,0.5,0.9999999999999999,0.0001065091976260539
0.0001,0.1,1.0,5.0,1.0,0.9999999999999999,0.00010981020563046922
0.0001,0.1,1.0,5.0,1.5,0.9999999999999999,0.00011271672985893031
0.0001,0.1,1.0,5.0,2.0,0.9999999999999999,0.00011080111737627237
0.0001,0.1,1.5,0.75,0.5,0.9999999999999999,0.00011459084271627084
0.0001,0.1,1.5,0.75,1.0,0.9999999999999999,0.015202561604839918
0.0001,0.1,1.5,0.75,1.5,0.9999999999999999,0.19467524542030623
0.0001,0.1,1.5,0.75,2.0,0.9999999999999999,0.6075878206289345
0.0001,0.1,1.5,1.0,0.5,0.9999999999999999,0.00010983139651470913
0.0001,0.1,1.5,1.0,1.0,0.9999999999999999,0.00010298391952291571
0.0001,0.1,1.5,1.0,1.5,0.9999999999999999,0.07021397583637905
0.0001,0.1,1.5,1.0,2.0,0.9999999999999999,0.3460572269913446
0.0001,0.1,1.5,2.5,0.5,0.9999999999999999,0.0001107796687042125
0.0001,0.1,1.5,2.5,1.0,0.9999999999999999,0.00010925457734751968
0.0001,0.1,1.5,2.5,1.5,0.9999999999999999,0.00011171487505585642
0.0001,0.1,1.5,2.5,2.0,0.9999999999999999,0.00011006545403305155
0.0001,0.1,1.5,5.0,0.5,0.9999999999999999,0.000110202119144084
0.0001,0.1,1.5,5.0,1.0,0.9999999999999999,0.0001088383933748932
0.0001,0.1,1.5,5.0,1.5,0.9999999999999999,0.00010879239684797389
0.0001,0.1,1.5,5.0,2.0,0.9999999999999999,0.00011103241144199757
0.0001,0.1,2.0,0.75,0.5,0.9999999999999999,0.00010774172440080828
0.0001,0.1,2.0,0.75,1.0,0.9999999999999999,0.0152061988065373
0.0001,0.1,2.0,0.75,1.5,0.9999999999999999,0.1946756065378815
0.0001,0.1,2.0,0.75,2.0,0.9999999999999999,0.6075889136147528
0.0001,0.1,2.0,1.0,0.5,0.9999999999999999,0.00010774363924613709
0.0001,0.1,2.0,1.0,1.0,0.9999999999999999,0.00010553806921782314
0.0001,0.1,2.0,1.0,1.5,0.9999999999999999,0.07021885870889365
0.0001,0.1,2.0,1.0,2.0,0.9999999999999999,0.34605834593968543
0.0001,0.1,2.0,2.5,0.5,0.9999999999999999,0.00010993169242673509
0.0001,0.1,2.0,2.5,1.0,0.9999999999999999,0.00010917133105138363
0.0001,0.1,2.0,2.5,1.5,0.9999999999999999,0.0001060546634039513
0.0001,0.1,2.0,2.5,2.0,0.9999999999999999,0.00010999931822000697
0.0001,0.1,2.0,5.0,0.5,0.9999999999999999,0.0001109486342806655
0.0001,0.1,2.0,5.0,1.0,0.9999999999999999,0.000109654907670011
0.0001,0.1,2.0,5.0,1.5,0.9999999999999999,0.00011013704210703641
0.0001,0.1,2.0,5.0,2.0,0.9999999999999999,0.0001067855654716658
0.0025000000000000005,0.001,1.0,0.75,0.5,0.9999999999999999,0.0024795691644834755
0.0025000000000000005,0.001,1.0,0.75,1.0,0.9999999999999999,0.01644811703215509
0.0025000000000000005,0.001,1.0,0.75,1.5,0.9999999999999999,0.19546277267372453
0.0025000000000000005,0.001,1.0,0.75,2.0,0.9999999999999999,0.6081614000029613
0.0025000000000000005,0.001,1.0,1.0,0.5,0.9999999999999999,0.0025879572987283356
0.0025000000000000005,0.001,1.0,1.0,1.0,0.9999999999999999,0.0022631118331918657
0.0025000000000000005,0.001,1.0,1.0,1.5,0.9999999999999999,0.07137188581836261
0.0025000000000000005,0.001,1.0,1.0,2.0,0.9999999999999999,0.34687240362353466
0.0025000000000000005,0.001,1.0,2.5,0.5,0.9999999999999999,0.002522316387311816
0.0025000000000000005,0.001,1.0,2.5,1.0,0.9999999999999999,0.0024355149993099167
0.0025000000000000005,0.001,1.0,2.5,1.5,0.9999999999999999,0.0025417807741731505
0.0025000000000000005,0.001,1.0,2.5,2.0,0.9999999999999999,0.0025150742144704266
0.0025000000000000005,0.001,1.0,5.0,0.5,0.9999999999999999,0.002589592696357481
0.0025000000000000005,0.001,1.0,5.0,1.0,0.9999999999999999,0.002541434561682996
0.0025000000000000005,0.001,1.0,5.0,1.5,0.9999999999999999,0.0024703738887855505
0.0025000000000000005,0.001,1.0,5.0,2.0,0.9999999999999999,0.0024098844048671113
0.0025000000000000005,0.001,1.5,0.75,0.5,0.9999999999999999,0.002576129446360162
0.0025000000000000005,0.001,1.5,0.75,1.0,0.9999999999999999,0.0165256105237108
0.0025000000000000005,0.001,1.5,0.75,1.5,0.9999999999999999,0.19543774752689352
0.0025000000000000005,0.001,1.5,0.75,2.0,0.9999999999999999,0.608181059745216
0.0025000000000000005,0.001,1.5,1.0,0.5,0.9999999999999999,0.002585476132520883
0.0025000000000000005,0.001,1.5,1.0,1.0,0.9999999999999999,0.002256181196150877
0.0025000000000000005,0.001,1.5,1.0,1.5,0.9999999999999999,0.07133937255113623
0.0025000000000000005,0.001,1.5,1.0,2.0,0.9999999999999999,0.34682209404015063
0.0025000000000000005,0.001,1.5,2.5,0.5,0.9999999999999999,0.0025056375879448775
0.0025000000000000005,0.001,1.5,2.5,1.0,0.9999999999999999,0.002488897539617858
0.0025000000000000005,0.001,1.5,2.5,1.5,0.9999999999999999,0.002495448030191758
0.0025000000000000005,0.001,1.5,2.5,2.0,0.9999999999999999,0.002432383897887152
0.0025000000000000005,0.001,1.5,5.0,0.5,0.9999999999999999,0.0025149815174612287
0.0025000000000000005,0.001,1.5,5.0,1.0,0.9999999999999999,0.0025958561673780417
0.0025000000000000005,0.001,1.5,5.0,1.5,0.9999999999999999,0.002538750631932845
0.0025000000000000005,0.001,1.5,5.0,2.0,0.9999999999999999,0.002505350257725081
0.0025000000000000005,0.001,2.0,0.75,0.5,0.9999999999999999,0.0024975577069819917
0.0025000000000000005,0.001,2.0,0.75,1.0,0.9999999999999999,0.016523427477392674
0.0025000000000000005,0.001,2.0,0.75,1.5,0.9999999999999999,0.19545533458095746
0.0025000000000000005,0.001,2.0,0.75,2.0,0.9999999999999999,0.6081693259224391
0.0025000000000000005,0.001,2.0,1.0,0.5,0.9999999999999999,0.0024620745821537587
0.0025000000000000005,0.001,2.0,1.0,1.0,0.9999999999999999,0.0022254089912432324
0.0025000000000000005,0.001,2.0,1.0,1.5,0.9999999999999999,0.07134272303738955
0.0025000000000000005,0.001,2.0,1.0,2.0,0.9999999999999999,0.3468760000075056
0.0025000000000000005,0.001,2.0,2.5,0.5,0.9999999999999999,0.0024891175966730216
0.0025000000000000005,0.001,2.0,2.5,1.0,0.9999999999999999,0.0025220140404220736
0.0025000000000000005,0.001,2.0,2.5,1.5,0.9999999999999999,0.002448626314365345
0.0025000000000000005,0.001,2.0,2.5,2.0,0.9999999999999999,0.0024423481002623887
0.0025000000000000005,0.001,2.0,5.0,0.5,0.9999999999999999,0.0023754462976499635
0.0025000000000000005,0.001,2.0,5.0,1.0,0.9999999999999999,0.0025967127112949484
0.0025000000000000005,0.001,2.0,5.0,1.5,0.9999999999999999,0.0025273571621155615
0.0025000000000000005,0.001,2.0,5.0,2.0,0.9999999999999999,0.002558212172307924
0.0025000000000000005,0.01,1.0,0.75,0.5,0.9999999999999999,0.002488332076213678
0.0025000000000000005,0.01,1.0,0.75,1.0,0.9999999999999999,0.016525618275558977
0.0025000000000000005,0.01,1.0,0.75,1.5,0.9999999999999999,0.1954639770271946
0.0025000000000000005,0.01,1.0,0.75,2.0,0.9999999999999999,0.6081644195142388
0.0025000000000000005,0.01,1.0,1.0,0.5,0.9999999999999999,0.002465202781339782
0.0025000000000000005,0.01,1.0,1.0,1.0,0.9999999999999999,0.0021740018858676336
0.0025000000000000005,0.01,1.0,1.0,1.5,0.9999999999999999,0.0713049407362839
0.0025000000000000005,0.01,1.0,1.0,2.0,0.9999999999999999,0.346833042571658
0.0025000000000000005,0.01,1.0,2.5,0.5,0.9999999999999999,0.0025665658692619834
0.0025000000000000005,0.01,1.0,2.5,1.0,0.9999999999999999,0.002576173318624448
0.0025000000000000005,0.01,1.0,2.5,1.5,0.9999999999999999,0.0024580333757329084
0.0025000000000000005,0.01,1.0,2.5,2.0,0.9999999999999999,0.002522702636172708
0.0025000000000000005,0.01,1.0,5.0,0.5,0.9999999999999999,0.0024625010046873327
0.0025000000000000005,0.01,1.0,5.0,1.0,0.9999999999999999,0.0025026234459556906
0.0025000000000000005,0.01,1.0,5.0,1.5,0.9999999999999999,0.0025315721404097708
0.0025000000000000005,0.01,1.0,5.0,2.0,0.9999999999999999,0.002555965459406081
0.0025000000000000005,0.01,1.5,0.75,0.5,0.9999999999999999,0.0025094052183829226
0.0025000000000000005,0.01,1.5,0.75,1.0,0.9999999999999999,0.016471720738421354
0.0025000000000000005,0.01,1.5,0.75,1.5,0.9999999999999999,0.19546196925237852
0.0025000000000000005,0.01,1.5,0.75,2.0,0.9999999999999999,0.6081478629439784
0.0025000000000000005,0.01,1.5,1.0,0.5,0.9999999999999999,0.0026557942655760815
0.0025000000000000005,0.01,1.5,1.0,1.0,0.9999999999999999,0.0023143514129512614
0.0025000000000000005,0.01,1.5,1.0,1.5,0.9999999999999999,0.07137348842228843
0.0025000000000000005,0.01,1.5,1.0,2.0,0.9999999999999999,0.34677678155279973
0.0025000000000000005,0.01,1.5,2.5,0.5,0.9999999999999999,0.0025540855451590414
0.0025000000000000005,0.01,1.5,2.5,1.0,0.9999999999999999,0.0025162044931660637
0.0025000000000000005,0.01,1.5,2.5,1.5,0.9999999999999999,0.0025236903000625845
0.0025000000000000005,0.01,1.5,2.5,2.0,0.9999999999999999,0.002609360262825904
0.0025000000000000005,0.01,1.5,5.0,0.5,0.9999999999999999,0.002431018165928454
0.0025000000000000005,0.01,1.5,5.0,1.0,0.9999999999999999,0.0025775676480403143
0.0025000000000000005,0.01,1.5,5.0,1.5,0.9999999999999999,0.002383434407323585
0.0025000000000000005,0.01,1.5,5.0,2.0,0.9999999999999999,0.0024884000802968165
0.0025000000000000005,0.01,2.0,0.75,0.5,0.9999999999999999,0.0025306465747080556
0.0025000000000000005,0.01,2.0,0.75,1.0,0.9999999999999999,0.01654507850735331
0.0025000000000000005,0.01,2.0,0.75,1.5,0.9999999999999999,0.19553137895689776
0.0025000000000000005,0.01,2.0,0.75,2.0,0.9999999999999999,0.6081240259076302
0.0025000000000000005,0.01,2.0,1.0,0.5,0.9999999999999999,0.0025107647808987293
0.0025000000000000005,0.01,2.0,1.0,1.0,0.9999999999999999,0.002272923649522525
0.0025000000000000005,0.01,2.0,1.0,1.5,0.9999999999999999,0.07130624057556836
0.0025000000000000005,0.01,2.0,1.0,2.0,0.9999999999999999,0.3469207307363616
0.0025000000000000005,0.01,2.0,2.5,0.5,0.9999999999999999,0.002467244301698597
0.0025000000000000005,0.01,2.0,2.5,1.0,0.9999999999999999,0.002555688755146581
0.0025000000000000005,0.01,2.0,2.5,1.5,0.9999999999999999,0.0025296953515685913
0.0025000000000000005,0.01,2.0,2.5,2.0,0.9999999999999999,0.0024608689601244124
0.0025000000000000005,0.01,2.0,5.0,0.5,0.9999999999999999,0.0025382031333763726
0.0025000000000000005,0.01,2.0,5.0,1.0,0.9999999999999999,0.0024788670208403785
0.0025000000000000005,0.01,2.0,5.0,1.5,0.9999999999999999,0.002619362858019845
0.0025000000000000005,0.01,2.0,5.0,2.0,0.9999999999999999,0.002521878927656322
0.0025000000000000005,0.05,1.0,0.75,0.5,0.9999999999999999,0.0025496834134578253
0.0025000000000000005,0.05,1.0,0.75,1.0,0.9999999999999999,0.016550231134105347
0.0025000000000000005,0.05,1.0,0.75,1.5,0.9999999999999999,0.19552256392336345
0.0025000000000000005,0.05,1.0,0.75,2.0,0.9999999999999999,0.6081732364189134
0.0025000000000000005,0.05,1.0,1.0,0.5,0.9999999999999999,0.0025402067349233797
0.0025000000000000005,0.05,1.0,1.0,1.0,0.9999999999999999,0.0023696395671049596
0.0025000000000000005,0.05,1.0,1.0,1.5,0.9999999999999999,0.07135880263125843
0.0025000000000000005,0.05,1.0,1.0,2.0,0.9999999999999999,0.3468509311188637
0.0025000000000000005,0.05,1.0,2.5,0.5,0.9999999999999999,0.0026632070009611057
0.0025000000000000005,0.05,1.0,2.5,1.0,0.9999999999999999,0.0026342701753112236
0.0025000000000000005,0.05,1.0,2.5,1.5,0.9999999999999999,0.002558136971586878
0.0025000000000000005,0.05,1.0,2.5,2.0,0.9999999999999999,0.0026904191782198637
0.0025000000000000005,0.05,1.0,5.0,0.5,0.9999999999999999,0.002624222223085308
0.0025000000000000005,0.05,1.0,5.0,1.0,0.9999999999999999,0.00264662490114738
0.0025000000000000005,0.05,1.0,5.0,1.5,0.9999999999999999,0.002647916097350576
0.0025000000000000005,0.05,1.0,5.0,2.0,0.9999999999999999,0.0026195527409735367
0.0025000000000000005,0.05,1.5,0.75,0.5,0.9999999999999999,0.002685625711257686
0.0025000000000000005,0.05,1.5,0.75,1.0,0.9999999999999999,0.016603546316405555
0.0025000000000000005,0.05,1.5,0.75,1.5,0.9999999999999999,0.1954956687012271
0.0025000000000000005,0.05,1.5,0.75,2.0,0.9999999999999999,0.6081901896122428
0.0025000000000000005,0.05,1.5,1.0,0.5,0.9999999999999999,0.0025836364047800656
0.0025000000000000005,0.05,1.5,1.0,1.0,0.9999999999999999,0.002374518808048255
0.0025000000000000005,0.05,1.5,1.0,1.5,0.9999999999999999,0.0713877806780614
0.0025000000000000005,0.05,1.5,1.0,2.0,0.9999999999999999,0.3468765566882429
0.0025000000000000005,0.05,1.5,2.5,0.5,0.9999999999999999,0.002483007910508453
0.0025000000000000005,0.05,1.5,2.5,1.0,0.9999999999999999,0.002488051453077622
0.0025000000000000005,0.05,1.5,2.5,1.5,0.9999999999999999,0.0026244005281045365
0.0025000000000000005,0.05,1.5,2.5,2.0,0.9999999999999999,0.00266982154501351
0.0025000000000000005,0.05,1.5,5.0,0.5,0.9999999999999999,0.002583357885804245
0.0025000000000000005,0.05,1.5,5.0,1.0,0.9999999999999999,0.002589297435562628
0.0025000000000000005,0.05,1.5,5.0,1.5,0.9999999999999999,0.0024657964473110785
0.0025000000000000005,0.05,1.5,5.0,2.0,0.9999999999999999,0.0026838024922962588
0.0025000000000000005,0.05,2.0,0.75,0.5,0.9999999999999999,0.0026941571944869057
0.0025000000000000005,0.05,2.0,0.75,1.0,0.9999999999999999,0.016509077414790012
0.0025000000000000005,0.05,2.0,0.75,1.5,0.9999999999999999,0.19549829486384768
0.0025000000000000005,0.05,2.0,0.75,2.0,0.9999999999999999,0.6082148611276026
0.0025000000000000005,0.05,2.0,1.0,0.5,0.9999999999999999,0.0026055903030567642
0.0025000000000000005,0.05,2.0,1.0,1.0,0.9999999999999999,0.0023976509974363786
0.0025000000000000005,0.05,2.0,1.0,1.5,0.9999999999999999,0.07142500333151909
0.0025000000000000005,0.05,2.0,1.0,2.0,0.9999999999999999,0.34688609314462326
0.0025000000000000005,0.05,2.0,2.5,0.5,0.9999999999999999,0.0025309465725546583
0.0025000000000000005,0.05,2.0,2.5,1.0,0.9999999999999999,0.0027269689350447085
0.0025000000000000005,0.05,2.0,2.5,1.5,0.9999999999999999,0.0025923143424779176
0.0025000000000000005,0.05,2.0,2.5,2.0,0.9999999999999999,0.002674515498981491
0.0025000000000000005,0.05,2.0,5.0,0.5,0.9999999999999999,0.0025314649981425614
0.0025000000000000005,0.05,2.0,5.0,1.0,0.9999999999999999,0.0026335950230169398
0.0025000000000000005,0.05,2.0,5.0,1.5,0.9999999999999999,0.0026743720401309376
0.0025000000000000005,0.05,2.0,5.0,2.0,0.9999999999999999,0.0025509000623354897
0.0025000000000000005,0.1,1.0,0.75,0.5,0.9999999999999999,0.002784407343644102
0.0025000000000000005,0.1,1.0,0.75,1.0,0.9999999999999999,0.016645721658443965
0.0025000000000000005,0.1,1.0,0.75,1.5,0.9999999999999999,0.19555426427880146
0.0025000000000000005,0.1,1.0,0.75,2.0,0.9999999999999999,0.6082561533322417
0.0025000000000000005,0.1,1.0,1.0,0.5,0.9999999999999999,0.0027382409391038887
0.0025000000000000005,0.1,1.0,1.0,1.0,0.9999999999999999,0.0024110474863399713
0.0025000000000000005,0.1,1.0,1.0,1.5,0.9999999999999999,0.07145204523546797
0.0025000000000000005,0.1,1.0,1.0,2.0,0.9999999999999999,0.3469510493030648
0.0025000000000000005,0.1,1.0,2.5,0.5,0.9999999999999999,0.00291168097463606
0.0025000000000000005,0.1,1.0,2.5,1.0,0.9999999999999999,0.002764860669355265
0.0025000000000000005,0.1,1.0,2.5,1.5,0.9999999999999999,0.0026891484387243677
0.0025000000000000005,0.1,1.0,2.5,2.0,0.9999999999999999,0.0028794391696501396
0.0025000000000000005,0.1,1.0,5.0,0.5,0.9999999999999999,0.002762338829377565
0.0025000000000000005,0.1,1.0,5.0,1.0,0.9999999999999999,0.0027120831374291563
0.0025000000000000005,0.1,1.0,5.0,1.5,0.9999999999999999,0.0026864864988416356
0.0025000000000000005,0.1,1.0,5.0,2.0,0.9999999999999999,0.002770831389936524
0.0025000000000000005,0.1,1.5,0.75,0.5,0.9999999999999999,0.002771341860955892
0.0025000000000000005,0.1,1.5,0.75,1.0,0.9999999999999999,0.01660304348875092
0.0025000000000000005,0.1,1.5,0.75,1.5,0.9999999999999999,0.19559711257976087
0.0025000000000000005,0.1,1.5,0.75,2.0,0.9999999999999999,0.608237274270485
0.0025000000000000005,0.1,1.5,1.0,0.5,0.9999999999999999,0.00272621891380115
0.0025000000000000005,0.1,1.5,1.0,1.0,0.9999999999999999,0.0025216661481974184
0.0025000000000000005,0.1,1.5,1.0,1.5,0.9999999999999999,0.07141666896757451
0.0025000000000000005,0.1,1.5,1.0,2.0,0.9999999999999999,0.34687024352372825
0.0025000000000000005,0.1,1.5,2.5,0.5,0.9999999999999999,0.00272260954639495
0.0025000000000000005,0.1,1.5,2.5,1.0,0.9999999999999999,0.002729136203520605
0.0025000000000000005,0.1,1.5,2.5,1.5,0.9999999999999999,0.002780084349400393
0.0025000000000000005,0.1,1.5,2.5,2.0,0.9999999999999999,0.0026654755404467577
0.0025000000000000005,0.1,1.5,5.0,0.5,0.9999999999999999,0.002766767442697841
0.0025000000000000005,0.1,1.5,5.0,1.0,0.9999999999999999,0.0027458828937323935
0.0025000000000000005,0.1,1.5,5.0,1.5,0.9999999999999999,0.00271579133716566
0.0025000000000000005,0.1,1.5,5.0,2.0,0.9999999999999999,0.0027197036773649362
0.0025000000000000005,0.1,2.0,0.75,0.5,0.9999999999999999,0.0028196273331089023
0.0025000000000000005,0.1,2.0,0.75,1.0,0.9999999999999999,0.016628021460760506
0.0025000000000000005,0.1,2.0,0.75,1.5,0.9999999999999999,0.1955320053190633
0.0025000000000000005,0.1,2.0,0.75,2.0,0.9999999999999999,0.6082240563259822
0.0025000000000000005,0.1,2.0,1.0,0.5,0.9999999999999999,0.0027355762154283856
0.0025000000000000005,0.1,2.0,1.0,1.0,0.9999999999999999,0.002431882397112055
0.0025000000000000005,0.1,2.0,1.0,1.5,0.9999999999999999,0.07139188726162199
0.0025000000000000005,0.1,2.0,1.0,2.0,0.9999999999999999,0.34692741405723143
0.0025000000000000005,0.1,2.0,2.5,0.5,0.9999999999999999,0.0027319614970198773
0.0025000000000000005,0.1,2.0,2.5,1.0,0.9999999999999999,0.002784141356616252
0.0025000000000000005,0.1,2.0,2.5,1.5,0.9999999999999999,0.0027401215555402864
0.0025000000000000005,0.1,2.0,2.5,2.0,0.9999999999999999,0.0026977576952768203
0.0025000000000000005,0.1,2.0,5.0,0.5,0.9999999999999999,0.002786844885137006
0.0025000000000000005,0.1,2.0,5.0,1.0,0.9999999999999999,0.002791628909586022
0.0025000000000000005,0.1,2.0,5.0,1.5,0.9999999999999999,0.0027953063697467076
0.0025000000000000005,0.1,2.0,5.0,2.0,0.9999999999999999,0.002718313976353728
0.010000000000000002,0.001,1.0,0.75,0.5,0.8999999999999999,0.009535167262678357
0.010000000000000002,0.001,1.0,0.75,1.0,0.9999999999999999,0.020599054271550045
0.010000000000000002,0.001,1.0,0.75,1.5,0.9999999999999999,0.19787170143685723
0.010000000000000002,0.001,1.0,0.75,2.0,0.9999999999999999,0.6098664190089849
0.010000000000000002,0.001,1.0,1.0,0.5,0.8999999999999999,0.009456525251479858
0.010000000000000002,0.001,1.0,1.0,1.0,0.9999999999999999,0.008651586771588152
0.010000000000000002,0.001,1.0,1.0,1.5,0.9999999999999999,0.07471727651166674
0.010000000000000002,0.001,1.0,1.0,2.0,0.9999999999999999,0.34926532370807933
0.010000000000000002,0.001,1.0,2.5,0.5,0.8999999999999999,0.009262297433402178
0.010000000000000002,0.001,1.0,2.5,1.0,0.9999999999999999,0.009774090501561722
0.010000000000000002,0.001,1.0,2.5,1.5,0.9999999999999999,0.009832817057098786
0.010000000000000002,0.001,1.0,2.5,2.0,0.9999999999999999,0.009707584717326665
0.010000000000000002,0.001,1.0,5.0,0.5,0.8999999999999999,0.00937588326491999
0.010000000000000002,0.001,1.0,5.0,1.0,0.9999999999999999,0.009834319851741814
0.010000000000000002,0.001,1.0,5.0,1.5,0.9999999999999999,0.009991990093808146
0.010000000000000002,0.001,1.0,5.0,2.0,0.9999999999999999,0.009978682699879235
0.010000000000000002,0.001,1.5,0.75,0.5,0.8999999999999999,0.00964953824630387
0.010000000000000002,0.001,1.5,0.75,1.0,0.9999999999999999,0.021052723888135748
0.010000000000000002,0.001,1.5,0.75,1.5,0.9999999999999999,0.19806482387699204
0.010000000000000002,0.001,1.5,0.75,2.0,0.9999999999999999,0.6100551114295985
0.010000000000000002,0.001,1.5,1.0,0.5,0.8999999999999999,0.009519057455029532
0.010000000000000002,0.001,1.5,1.0,1.0,0.9999999999999999,0.008649736485910817
0.010000000000000002,0.001,1.5,1.0,1.5,0.9999999999999999,0.0748798435325753
0.010000000000000002,0.001,1.5,1.0,2.0,0.9999999999999999,0.3493580853142876
0.010000000000000002,0.001,1.5,2.5,0.5,0.8999999999999999,0.009688976310629639
0.010000000000000002,0.001,1.5,2.5,1.0,0.9999999999999999,0.00972244677494238
0.010000000000000002,0.001,1.5,2.5,1.5,0.9999999999999999,0.009781394452486367
0.010000000000000002,0.001,1.5,2.5,2.0,0.9999999999999999,0.010044419897385203
0.010000000000000002,0.001,1.5,5.0,0.5,0.8999999999999999,0.009342028690930843
0.010000000000000002,0.001,1.5,5.0,1.0,0.9999999999999999,0.010074824191360503
0.010000000000000002,0.001,1.5,5.0,1.5,0.9999999999999999,0.009997859979867098
0.010000000000000002,0.001,1.5,5.0,2.0,0.9999999999999999,0.009959697357485255
0.010000000000000002,0.001,2.0,0.75,0.5,0.8999999999999999,0.009184590332837205
0.010000000000000002,0.001,2.0,0.75,1.0,0.9999999999999999,0.02056493120398276
0.010000000000000002,0.001,2.0,0.75,1.5,0.9999999999999999,0.19784721693049695
0.010000000000000002,0.001,2.0,0.75,2.0,0.9999999999999999,0.6100245055407595
0.010000000000000002,0.001,2.0,1.0,0.5,0.8999999999999999,0.00923871361477913
0.010000000000000002,0.001,2.0,1.0,1.0,0.9999999999999999,0.00862406021941644
0.010000000000000002,0.001,2.0,1.0,1.5,0.9999999999999999,0.07477494807121841
0.010000000000000002,0.001,2.0,1.0,2.0,0.9999999999999999,0.3491415217969778
0.010000000000000002,0.001,2.0,2.5,0.5,0.8999999999999999,0.009419439104846685
0.010000000000000002,0.001,2.0,2.5,1.0,0.9999999999999999,0.00992836228161676
0.010000000000000002,0.001,2.0,2.5,1.5,0.9999999999999999,0.010277386331866135
0.010000000000000002,0.001,2.0,2.5,2.0,0.9999999999999999,0.00984656935835235
0.010000000000000002,0.001,2.0,5.0,0.5,0.8999999999999999,0.009025688280799929
0.010000000000000002,0.001,2.0,5.0,1.0,0.9999999999999999,0.009517716389733371
0.010000000000000002,0.001,2.0,5.0,1.5,0.9999999999999999,0.010066543746316247
0.010000000000000002,0.001,2.0,5.0,2.0,0.9999999999999999,0.010145645131611437
0.010000000000000002,0.01,1.0,0.75,0.5,0.8999999999999999,0.009294250104247408
0.010000000000000002,0.01,1.0,0.75,1.0,0.9999999999999999,0.02082829356359556
0.010000000000000002,0.01,1.0,0.75,1.5,0.9999999999999999,0.19798466372949042
0.010000000000000002,0.01,1.0,0.75,2.0,0.9999999999999999,0.6098986330828452
0.010000000000000002,0.01,1.0,1.0,0.5,0.8999999999999999,0.00967575663228969
0.010000000000000002,0.01,1.0,1.0,1.0,0.9999999999999999,0.008499660310840474
0.010000000000000002,0.01,1.0,1.0,1.5,0.9999999999999999,0.07494824910623246
0.010000000000000002,0.01,1.0,1.0,2.0,0.9999999999999999,0.34930790370086695
0.010000000000000002,0.01,1.0,2.5,0.5,0.8999999999999999,0.009369864893316779
0.010000000000000002,0.01,1.0,2.5,1.0,0.9999999999999999,0.010129661425559048
0.010000000000000002,0.01,1.0,2.5,1.5,0.9999999999999999,0.009935168647762367
0.010000000000000002,0.01,1.0,2.5,2.0,0.9999999999999999,0.010132808413268066
0.010000000000000002,0.01,1.0,5.0,0.5,0.8999999999999999,0.008989707138528797
0.010000000000000002,0.01,1.0,5.0,1.0,0.9999999999999999,0.010072124477583039
0.010000000000000002,0.01,1.0,5.0,1.5,0.9999999999999999,0.010030207149790813
0.010000000000000002,0.01,1.0,5.0,2.0,0.9999999999999999,0.01022100175534969
0.010000000000000002,0.01,1.5,0.75,0.5,0.8999999999999999,0.009239162820643316
0.010000000000000002,0.01,1.5,0.75,1.0,0.9999999999999999,0.02067922086801561
0.010000000000000002,0.01,1.5,0.75,1.5,0.9999999999999999,0.19806043673391077
0.010000000000000002,0.01,1.5,0.75,2.0,0.9999999999999999,0.6099046966892314
0.010000000000000002,0.01,1.5,1.0,0.5,0.8999999999999999,0.009194460354828942
0.010000000000000002,0.01,1.5,1.0,1.0,0.9999999999999999,0.009037479706097125
0.010000000000000002,0.01,1.5,1.0,1.5,0.9999999999999999,0.07507668404938103
0.010000000000000002,0.01,1.5,1.0,2.0,0.9999999999999999,0.34927544729411975
0.010000000000000002,0.01,1.5,2.5,0.5,0.8999999999999999,0.00953624702274657
0.010000000000000002,0.01,1.5,2.5,1.0,0.9999999999999999,0.01046456529794658
0.010000000000000002,0.01,1.5,2.5,1.5,0.9999999999999999,0.010340772106684474
0.010000000000000002,0.01,1.5,2.5,2.0,0.9999999999999999,0.010272466383475386
0.010000000000000002,0.01,1.5,5.0,0.5,0.8999999999999999,0.009674340848526666
0.010000000000000002,0.01,1.5,5.0,1.0,0.9999999999999999,0.009800546815631968
0.010000000000000002,0.01,1.5,5.0,1.5,0.9999999999999999,0.010196820581670873
0.010000000000000002,0.01,1.5,5.0,2.0,0.9999999999999999,0.01010559083606049
0.010000000000000002,0.01,2.0,0.75,0.5,0.8999999999999999,0.009446257494915577
0.010000000000000002,0.01,2.0,0.75,1.0,0.9999999999999999,0.020972923827132197
0.010000000000000002,0.01,2.0,0.75,1.5,0.9999999999999999,0.19782974310022083
0.010000000000000002,0.01,2.0,0.75,2.0,0.9999999999999999,0.6100768856799189
0.010000000000000002,0.01,2.0,1.0,0.5,0.8999999999999999,0.009471011465381516
0.010000000000000002,0.01,2.0,1.0,1.0,0.9999999999999999,0.00866025907601496
0.010000000000000002,0.01,2.0,1.0,1.5,0.9999999999999999,0.07521511624473524
0.010000000000000002,0.01,2.0,1.0,2.0,0.9999999999999999,0.3492601903876455
0.010000000000000002,0.01,2.0,2.5,0.5,0.8999999999999999,0.009729647722512884
0.010000000000000002,0.01,2.0,2.5,1.0,0.9999999999999999,0.010401560678508146
0.010000000000000002,0.01,2.0,2.5,1.5,0.9999999999999999,0.009747624602038733
0.010000000000000002,0.01,2.0,2.5,2.0,0.9999999999999999,0.01022554959759416
0.010000000000000002,0.01,2.0,5.0,0.5,0.8999999999999999,0.009214039157433086
0.010000000000000002,0.01,2.0,5.0,1.0,0.9999999999999999,0.010139213141972844
0.010000000000000002,0.01,2.0,5.0,1.5,0.9999999999999999,0.010044317554909902
0.010000000000000002,0.01,2.0,5.0,2.0,0.9999999999999999,0.009934748543550165
0.010000000000000002,0.05,1.0,0.75,0.5,0.8999999999999999,0.009725712433035407
0.010000000000000002,0.05,1.0,0.75,1.0,0.9999999999999999,0.02106785058909458
0.010000000000000002,0.05,1.0,0.75,1.5,0.9999999999999999,0.19799377541831958
0.010000000000000002,0.05,1.0,0.75,2.0,0.9999999999999999,0.6100900902355804
0.010000000000000002,0.05,1.0,1.0,0.5,0.8999999999999999,0.009792370198137616
0.010000000000000002,0.05,1.0,1.0,1.0,0.9999999999999999,0.009009412986936397
0.010000000000000002,0.05,1.0,1.0,1.5,0.9999999999999999,0.07488029460858409
0.010000000000000002,0.05,1.0,1.0,2.0,0.9999999999999999,0.3494537399483677
0.010000000000000002,0.05,1.0,2.5,0.5,0.8999999999999999,0.009709757914744233
0.010000000000000002,0.05,1.0,2.5,1.0,0.9999999999999999,0.01058702719750132
0.010000000000000002,0.05,1.0,2.5,1.5,0.9999999999999999,0.010554065666934124
0.010000000000000002,0.05,1.0,2.5,2.0,0.9999999999999999,0.01035378656677836
0.010000000000000002,0.05,1.0,5.0,0.5,0.8999999999999999,0.009756235359175821
0.010000000000000002,0.05,1.0,5.0,1.0,0.9999999999999999,0.010685407117120137
0.010000000000000002,0.05,1.0,5.0,1.5,0.9999999999999999,0.010128326548427309
0.010000000000000002,0.05,1.0,5.0,2.0,0.9999999999999999,0.010800514862353788
0.010000000000000002,0.05,1.5,0.75,0.5,0.8999999999999999,0.009760514368906657
0.010000000000000002,0.05,1.5,0.75,1.0,0.9999999999999999,0.020932101396209813
0.010000000000000002,0.05,1.5,0.75,1.5,0.9999999999999999,0.198108012650488
0.010000000000000002,0.05,1.5,0.75,2.0,0.9999999999999999,0.6102740984671806
0.010000000000000002,0.05,1.5,1.0,0.5,0.8999999999999999,0.009596419697299515
0.010000000000000002,0.05,1.5,1.0,1.0,0.9999999999999999,0.008926673248558059
0.010000000000000002,0.05,1.5,1.0,1.5,0.9999999999999999,0.07508097090952656
0.010000000000000002,0.05,1.5,1.0,2.0,0.9999999999999999,0.3494569509377173
0.010000000000000002,0.05,1.5,2.5,0.5,0.8999999999999999,0.009923553439634225
0.010000000000000002,0.05,1.5,2.5,1.0,0.9999999999999999,0.010714819192839767
0.010000000000000002,0.05,1.5,2.5,1.5,0.9999999999999999,0.010472015703502157
0.010000000000000002,0.05,1.5,2.5,2.0,0.9999999999999999,0.01014790526768267
0.010000000000000002,0.05,1.5,5.0,0.5,0.8999999999999999,0.009886075006257886
0.010000000000000002,0.05,1.5,5.0,1.0,0.9999999999999999,0.01058926516861145
0.010000000000000002,0.05,1.5,5.0,1.5,0.9999999999999999,0.010489621281220182
0.010000000000000002,0.05,1.5,5.0,2.0,0.9999999999999999,0.010709222184835063
0.010000000000000002,0.05,2.0,0.75,0.5,0.8999999999999999,0.010024176648052269
0.010000000000000002,0.05,2.0,0.75,1.0,0.9999999999999999,0.02111045345535128
0.010000000000000002,0.05,2.0,0.75,1.5,0.9999999999999999,0.19821190383047765
0.010000000000000002,0.05,2.0,0.75,2.0,0.9999999999999999,0.6101023789129723
0.010000000000000002,0.05,2.0,1.0,0.5,0.8999999999999999,0.009637722506130538
0.010000000000000002,0.05,2.0,1.0,1.0,0.9999999999999999,0.008857427926325857
0.010000000000000002,0.05,2.0,1.0,1.5,0.9999999999999999,0.07503700860210202
0.010000000000000002,0.05,2.0,1.0,2.0,0.9999999999999999,0.3498732864237946
0.010000000000000002,0.05,2.0,2.5,0.5,0.8999999999999999,0.009401642922658927
0.010000000000000002,0.05,2.0,2.5,1.0,0.9999999999999999,0.010693320088224666
0.010000000000000002,0.05,2.0,2.5,1.5,0.9999999999999999,0.010712691097333263
0.010000000000000002,0.05,2.0,2.5,2.0,0.9999999999999999,0.0106244590583966
0.010000000000000002,0.05,2.0,5.0,0.5,0.8999999999999999,0.009690664802432367
0.010000000000000002,0.05,2.0,5.0,1.0,0.9999999999999999,0.010673768454783988
0.010000000000000002,0.05,2.0,5.0,1.5,0.9999999999999999,0.01048072170662649
0.010000000000000002,0.05,2.0,5.0,2.0,0.9999999999999999,0.010430054092071128
0.010000000000000002,0.1,1.0,0.75,0.5,0.8999999999999999,0.010335941721800123
0.010000000000000002,0.1,1.0,0.75,1.0,0.9999999999999999,0.021390757278754585
0.010000000000000002,0.1,1.0,0.75,1.5,0.9999999999999999,0.1983838288492407
0.010000000000000002,0.1,1.0,0.75,2.0,0.9999999999999999,0.6101617956908955
0.010000000000000002,0.1,1.0,1.0,0.5,0.8999999999999999,0.009978359796289596
0.010000000000000002,0.1,1.0,1.0,1.0,0.9999999999999999,0.009649248651836102
0.010000000000000002,0.1,1.0,1.0,1.5,0.9999999999999999,0.07539969077921586
0.010000000000000002,0.1,1.0,1.0,2.0,0.9999999999999999,0.34953078287804407
0.010000000000000002,0.1,1.0,2.5,0.5,0.8999999999999999,0.010233589153058506
0.010000000000000002,0.1,1.0,2.5,1.0,0.9999999999999999,0.011060719126344844
0.010000000000000002,0.1,1.0,2.5,1.5,0.9999999999999999,0.011003674084780835
0.010000000000000002,0.1,1.0,2.5,2.0,0.9999999999999999,0.011273561779320896
0.010000000000000002,0.1,1.0,5.0,0.5,0.8999999999999999,0.010303562430105164
0.010000000000000002,0.1,1.0,5.0,1.0,0.9999999999999999,0.011076246718998737
0.010000000000000002,0.1,1.0,5.0,1.5,0.9999999999999999,0.011335902019154052
0.010000000000000002,0.1,1.0,5.0,2.0,0.9999999999999999,0.010639858200556846
0.010000000000000002,0.1,1.5,0.75,0.5,0.8999999999999999,0.010013756322538288
0.010000000000000002,0.1,1.5,0.75,1.0,0.9999999999999999,0.02135495110206508
0.010000000000000002,0.1,1.5,0.75,1.5,0.9999999999999999,0.19829101930916132
0.010000000000000002,0.1,1.5,0.75,2.0,0.9999999999999999,0.6104484260380904
0.010000000000000002,0.1,1.5,1.0,0.5,0.8999999999999999,0.010757821448859322
0.010000000000000002,0.1,1.5,1.0,1.0,0.9999999999999999,0.009558654192453107
0.010000000000000002,0.1,1.5,1.0,1.5,0.9999999999999999,0.07519076595838617
0.010000000000000002,0.1,1.5,1.0,2.0,0.9999999999999999,0.3498209298637835
0.010000000000000002,0.1,1.5,2.5,0.5,0.8999999999999999,0.010277247851836268
0.010000000000000002,0.1,1.5,2.5,1.0,0.9999999999999999,0.010972062031315202
0.010000000000000002,0.1,1.5,2.5,1.5,0.9999999999999999,0.010875926658261877
0.010000000000000002,0.1,1.5,2.5,2.0,0.9999999999999999,0.010712432100754617
0.010000000000000002,0.1,1.5,5.0,0.5,0.8999999999999999,0.010366064221311458
0.010000000000000002,0.1,1.5,5.0,1.0,0.9999999999999999,0.011201604901965844
0.010000000000000002,0.1,1.5,5.0,1.5,0.9999999999999999,0.011062670092890251
0.010000000000000002,0.1,1.5,5.0,2.0,0.9999999999999999,0.011188480421281496
0.010000000000000002,0.1,2.0,0.75,0.5,0.8999999999999999,0.00998112066569413
0.010000000000000002,0.1,2.0,0.75,1.0,0.9999999999999999,0.02115141784286554
0.010000000000000002,0.1,2.0,0.75,1.5,0.9999999999999999,0.1982134688685283
0.010000000000000002,0.1,2.0,0.75,2.0,0.9999999999999999,0.6103302291193862
0.010000000000000002,0.1,2.0,1.0,0.5,0.8999999999999999,0.010085310976136094
0.010000000000000002,0.1,2.0,1.0,1.0,0.9999999999999999,0.008976349298881674
0.010000000000000002,0.1,2.0,1.0,1.5,0.9999999999999999,0.0753248618577083
0.010000000000000002,0.1,2.0,1.0,2.0,0.9999999999999999,0.34982247098088826
0.010000000000000002,0.1,2.0,2.5,0.5,0.8999999999999999,0.010003259642960866
0.010000000000000002,0.1,2.0,2.5,1.0,0.9999999999999999,0.01110807757163913
0.010000000000000002,0.1,2.0,2.5,1.5,0.9999999999999999,0.011140182506069206
0.010000000000000002,0.1,2.0,2.5,2.0,0.9999999999999999,0.011193714030837609
0.010000000000000002,0.1,2.0,5.0,0.5,0.8999999999999999,0.010077134321953814
0.010000000000000002,0.1,2.0,5.0,1.0,0.9999999999999999,0.010599693068002465
0.010000000000000002,0.1,2.0,5.0,1.5,0.9999999999999999,0.011181651207208146
0.010000000000000002,0.1,2.0,5.0,2.0,0.9999999999999999,0.011176693522973902
0.04000000000000001,0.001,1.0,0.75,0.5,0.7999999999999999,0.02974011471975928
0.04000000000000001,0.001,1.0,0.75,1.0,1.0999999999999999,0.03831133865553472
0.04000000000000001,0.001,1.0,0.75,1.5,0.9999999999999999,0.20769146712719092
0.04000000000000001,0.001,1.0,0.75,2.0,1.0999999999999999,0.6173552157720154
0.04000000000000001,0.001,1.0,1.0,0.5,0.7999999999999999,0.02918029956769329
0.04000000000000001,0.001,1.0,1.0,1.0,0.9999999999999999,0.03145414682543683
0.04000000000000001,0.001,1.0,1.0,1.5,0.9999999999999999,0.08962473811762359
0.04000000000000001,0.001,1.0,1.0,2.0,0.9999999999999999,0.3600720621797831
0.04000000000000001,0.001,1.0,2.5,0.5,0.7,0.03110757133716128
0.04000000000000001,0.001,1.0,2.5,1.0,0.8999999999999999,0.03773161736802812
0.04000000000000001,0.001,1.0,2.5,1.5,0.9999999999999999,0.04130569089567572
0.04000000000000001,0.001,1.0,2.5,2.0,0.9999999999999999,0.03961128846270773
0.04000000000000001,0.001,1.0,5.0,0.5,0.7,0.03016632386513825
0.04000000000000001,0.001,1.0,5.0,1.0,0.9999999999999999,0.03851587072901015
0.04000000000000001,0.001,1.0,5.0,1.5,0.9999999999999999,0.0396097321607526
0.04000000000000001,0.001,1.0,5.0,2.0,0.9999999999999999,0.04027163600030171
0.04000000000000001,0.001,1.5,0.75,0.5,0.7,0.03107432269629782
0.04000000000000001,0.001,1.5,0.75,1.0,1.0999999999999999,0.038471523323317894
0.04000000000000001,0.001,1.5,0.75,1.5,0.9999999999999999,0.20782489780075064
0.04000000000000001,0.001,1.5,0.75,2.0,0.9999999999999999,0.6178020626526557
0.04000000000000001,0.001,1.5,1.0,0.5,0.7999999999999999,0.028686321218650158
0.04000000000000001,0.001,1.5,1.0,1.0,0.9999999999999999,0.0324786989199091
0.04000000000000001,0.001,1.5,1.0,1.5,0.9999999999999999,0.08941824236711927
0.04000000000000001,0.001,1.5,1.0,2.0,1.0999999999999999,0.3599630196894156
0.04000000000000001,0.001,1.5,2.5,0.5,0.7,0.030155644435352003
0.04000000000000001,0.001,1.5,2.5,1.0,0.8999999999999999,0.036287961701028215
0.04000000000000001,0.001,1.5,2.5,1.5,0.9999999999999999,0.04267776652870607
0.04000000000000001,0.001,1.5,2.5,2.0,0.9999999999999999,0.037268508875050274
0.04000000000000001,0.001,1.5,5.0,0.5,0.7999999999999999,0.031251859435992346
0.04000000000000001,0.001,1.5,5.0,1.0,0.8999999999999999,0.037373253293616966
0.04000000000000001,0.001,1.5,5.0,1.5,0.9999999999999999,0.040015628216322055
0.04000000000000001,0.001,1.5,5.0,2.0,0.9999999999999999,0.03995209006252555
0.04000000000000001,0.001,2.0,0.75,0.5,0.7,0.030231374921089894
0.04000000000000001,0.001,2.0,0.75,1.0,1.0999999999999999,0.03821256221510069
0.04000000000000001,0.001,2.0,0.75,1.5,0.9999999999999999,0.20860885086914802
0.04000000000000001,0.001,2.0,0.75,2.0,1.0999999999999999,0.6172321729589343
0.04000000000000001,0.001,2.0,1.0,0.5,0.7,0.029784890423075732
0.04000000000000001,0.001,2.0,1.0,1.0,0.9999999999999999,0.033212552416677324
0.04000000000000001,0.001,2.0,1.0,1.5,0.9999999999999999,0.08995290352427807
0.04000000000000001,0.001,2.0,1.0,2.0,0.9999999999999999,0.35863448864782466
0.04000000000000001,0.001,2.0,2.5,0.5,0.7,0.030495734936855305
0.04000000000000001,0.001,2.0,2.5,1.0,0.8999999999999999,0.037360312149026284
0.04000000000000001,0.001,2.0,2.5,1.5,0.9999999999999999,0.039888863583745805
0.04000000000000001,0.001,2.0,2.5,2.0,0.9999999999999999,0.03999493201139458
0.04000000000000001,0.001,2.0,5.0,0.5,0.7,0.030306796581224683
0.04000000000000001,0.001,2.0,5.0,1.0,0.8999999999999999,0.03723050140914709
0.04000000000000001,0.001,2.0,5.0,1.5,0.9999999999999999,0.0400108303982316
0.04000000000000001,0.001,2.0,5.0,2.0,0.9999999999999999,0.040097156950761596
0.04000000000000001,0.01,1.0,0.75,0.5,0.7999999999999999,0.030079396600079467
0.04000000000000001,0.01,1.0,0.75,1.0,0.9999999999999999,0.03832553819880393
0.04000000000000001,0.01,1.0,0.75,1.5,1.0999999999999999,0.20831406928680055
0.04000000000000001,0.01,1.0,0.75,2.0,0.9999999999999999,0.6167199151345613
0.04000000000000001,0.01,1.0,1.0,0.5,0.7999999999999999,0.031009568303031965
0.04000000000000001,0.01,1.0,1.0,1.0,0.9999999999999999,0.031217591668799467
0.04000000000000001,0.01,1.0,1.0,1.5,0.9999999999999999,0.08973984600367715
0.04000000000000001,0.01,1.0,1.0,2.0,0.9999999999999999,0.35936174787554603
0.04000000000000001,0.01,1.0,2.5,0.5,0.7,0.030973927678933887
0.04000000000000001,0.01,1.0,2.5,1.0,0.8999999999999999,0.03703372020448483
0.04000000000000001,0.01,1.0,2.5,1.5,0.9999999999999999,0.040230571660379424
0.04000000000000001,0.01,1.0,2.5,2.0,0.9999999999999999,0.04237704253275297
0.04000000000000001,0.01,1.0,5.0,0.5,0.7,0.030119734779875174
0.04000000000000001,0.01,1.0,5.0,1.0,0.8999999999999999,0.03826160392186516
0.04000000000000001,0.01,1.0,5.0,1.5,0.9999999999999999,0.04081653910975148
0.04000000000000001,0.01,1.0,5.0,2.0,0.9999999999999999,0.04193037228548739
0.04000000000000001,0.01,1.5,0.75,0.5,0.7999999999999999,0.03074746440653922
0.04000000000000001,0.01,1.5,0.75,1.0,0.9999999999999999,0.038820967154885436
0.04000000000000001,0.01,1.5,0.75,1.5,1.0999999999999999,0.20918331400969548
0.04000000000000001,0.01,1.5,0.75,2.0,0.9999999999999999,0.6168802567180837
0.04000000000000001,0.01,1.5,1.0,0.5,0.7999999999999999,0.0303379477567303
0.04000000000000001,0.01,1.5,1.0,1.0,0.9999999999999999,0.03259221170085186
0.04000000000000001,0.01,1.5,1.0,1.5,1.0999999999999999,0.08965418678885087
0.04000000000000001,0.01,1.5,1.0,2.0,1.0999999999999999,0.3598353075373184
0.04000000000000001,0.01,1.5,2.5,0.5,0.7,0.030558829600747656
0.04000000000000001,0.01,1.5,2.5,1.0,0.8999999999999999,0.037146064722379
0.04000000000000001,0.01,1.5,2.5,1.5,0.9999999999999999,0.04145654077831989
0.04000000000000001,0.01,1.5,2.5,2.0,0.9999999999999999,0.03971609071293698
0.04000000000000001,0.01,1.5,5.0,0.5,0.7,0.02953092696316264
0.04000000000000001,0.01,1.5,5.0,1.0,0.8999999999999999,0.038332288363006194
0.04000000000000001,0.01,1.5,5.0,1.5,0.9999999999999999,0.04123915674202401
0.04000000000000001,0.01,1.5,5.0,2.0,0.9999999999999999,0.04151344604398912
0.04000000000000001,0.01,2.0,0.75,0.5,0.7999999999999999,0.02982040475023051
0.04000000000000001,0.01,2.0,0.75,1.0,1.0999999999999999,0.03746491988421351
0.04000000000000001,0.01,2.0,0.75,1.5,1.2,0.20832459163566597
0.04000000000000001,0.01,2.0,0.75,2.0,0.9999999999999999,0.6169380906147041
0.04000000000000001,0.01,2.0,1.0,0.5,0.7999999999999999,0.031108100708855713
0.04000000000000001,0.01,2.0,1.0,1.0,0.9999999999999999,0.03127370659779734
0.04000000000000001,0.01,2.0,1.0,1.5,0.9999999999999999,0.08955363720076655
0.04000000000000001,0.01,2.0,1.0,2.0,0.9999999999999999,0.35975767721252155
0.04000000000000001,0.01,2.0,2.5,0.5,0.7999999999999999,0.030287477509303017
0.04000000000000001,0.01,2.0,2.5,1.0,0.8999999999999999,0.03697745654690444
0.04000000000000001,0.01,2.0,2.5,1.5,0.9999999999999999,0.04150092937503409
0.04000000000000001,0.01,2.0,2.5,2.0,0.9999999999999999,0.03975177321413925
0.04000000000000001,0.01,2.0,5.0,0.5,0.7999999999999999,0.029990600843834085
0.04000000000000001,0.01,2.0,5.0,1.0,0.8999999999999999,0.0385717694215818
0.04000000000000001,0.01,2.0,5.0,1.5,0.9999999999999999,0.03992404322838984
0.04000000000000001,0.01,2.0,5.0,2.0,0.9999999999999999,0.040860047753810975
0.04000000000000001,0.05,1.0,0.75,0.5,0.7999999999999999,0.031191126724062018
0.04000000000000001,0.05,1.0,0.75,1.0,1.0999999999999999,0.03869568557346362
0.04000000000000001,0.05,1.0,0.75,1.5,0.9999999999999999,0.2086299936860104
0.04000000000000001,0.05,1.0,0.75,2.0,1.0999999999999999,0.6179499517393893
0.04000000000000001,0.05,1.0,1.0,0.5,0.7,0.03271142720597658
0.04000000000000001,0.05,1.0,1.0,1.0,1.0999999999999999,0.034345393702011145
0.04000000000000001,0.05,1.0,1.0,1.5,0.9999999999999999,0.09016957574753376
0.04000000000000001,0.05,1.0,1.0,2.0,0.9999999999999999,0.3602875052834349
0.04000000000000001,0.05,1.0,2.5,0.5,0.7999999999999999,0.0314459278207124
0.04000000000000001,0.05,1.0,2.5,1.0,0.8999999999999999,0.04063100457395612
0.04000000000000001,0.05,1.0,2.5,1.5,0.9999999999999999,0.042180888616059016
0.04000000000000001,0.05,1.0,2.5,2.0,0.9999999999999999,0.04296712259890933
0.04000000000000001,0.05,1.0,5.0,0.5,0.7,0.032061238329324844
0.04000000000000001,0.05,1.0,5.0,1.0,0.8999999999999999,0.03942779903258038
0.04000000000000001,0.05,1.0,5.0,1.5,0.9999999999999999,0.042068988503348205
0.04000000000000001,0.05,1.0,5.0,2.0,0.9999999999999999,0.04269467239981826
0.04000000000000001,0.05,1.5,0.75,0.5,0.7,0.03232498260223157
0.04000000000000001,0.05,1.5,0.75,1.0,1.0999999999999999,0.0384864880509406
0.04000000000000001,0.05,1.5,0.75,1.5,1.0999999999999999,0.20848828395386057
0.04000000000000001,0.05,1.5,0.75,2.0,1.0999999999999999,0.6180040331076248
0.04000000000000001,0.05,1.5,1.0,0.5,0.7999999999999999,0.031954416060201836
0.04000000000000001,0.05,1.5,1.0,1.0,0.9999999999999999,0.033556623632874816
0.04000000000000001,0.05,1.5,1.0,1.5,0.9999999999999999,0.09073542735879711
0.04000000000000001,0.05,1.5,1.0,2.0,1.0999999999999999,0.3600638830496376
0.04000000000000001,0.05,1.5,2.5,0.5,0.7999999999999999,0.031180568418311527
0.04000000000000001,0.05,1.5,2.5,1.0,0.8999999999999999,0.03910065462996872
0.04000000000000001,0.05,1.5,2.5,1.5,0.9999999999999999,0.04160946332699811
0.04000000000000001,0.05,1.5,2.5,2.0,0.9999999999999999,0.04125971159223251
0.04000000000000001,0.05,1.5,5.0,0.5,0.7999999999999999,0.031556386860524
0.04000000000000001,0.05,1.5,5.0,1.0,0.8999999999999999,0.03941425153271496
0.04000000000000001,0.05,1.5,5.0,1.5,0.9999999999999999,0.04169640533941837
0.04000000000000001,0.05,1.5,5.0,2.0,0.9999999999999999,0.0402316856640502
0.04000000000000001,0.05,2.0,0.75,0.5,0.7999999999999999,0.03098458942494206
0.04000000000000001,0.05,2.0,0.75,1.0,1.0999999999999999,0.03811472581768743
0.04000000000000001,0.05,2.0,0.75,1.5,0.9999999999999999,0.20830185358253783
0.04000000000000001,0.05,2.0,0.75,2.0,1.0999999999999999,0.6182456054097145
0.04000000000000001,0.05,2.0,1.0,0.5,0.7999999999999999,0.031834990667631805
0.04000000000000001,0.05,2.0,1.0,1.0,0.9999999999999999,0.03318776438712193
0.04000000000000001,0.05,2.0,1.0,1.5,1.0999999999999999,0.09008760456348693
0.04000000000000001,0.05,2.0,1.0,2.0,1.0999999999999999,0.36057030707441917
0.04000000000000001,0.05,2.0,2.5,0.5,0.7999999999999999,0.030984026235949775
0.04000000000000001,0.05,2.0,2.5,1.0,0.8999999999999999,0.038778213283065535
0.04000000000000001,0.05,2.0,2.5,1.5,0.9999999999999999,0.04255521066565092
0.04000000000000001,0.05,2.0,2.5,2.0,0.9999999999999999,0.044473108535302355
0.04000000000000001,0.05,2.0,5.0,0.5,0.7,0.03181551340218798
0.04000000000000001,0.05,2.0,5.0,1.0,0.8999999999999999,0.038727499994685124
0.04000000000000001,0.05,2.0,5.0,1.5,0.9999999999999999,0.04069284550047608
0.04000000000000001,0.05,2.0,5.0,2.0,0.9999999999999999,0.04248872943301372
0.04000000000000001,0.1,1.0,0.75,0.5,0.7999999999999999,0.033289162023079716
0.04000000000000001,0.1,1.0,0.75,1.0,1.0999999999999999,0.03993612839999043
0.04000000000000001,0.1,1.0,0.75,1.5,0.9999999999999999,0.20930577057467178
0.04000000000000001,0.1,1.0,0.75,2.0,1.0999999999999999,0.618503484438922
0.04000000000000001,0.1,1.0,1.0,0.5,0.7,0.03287000142189583
0.04000000000000001,0.1,1.0,1.0,1.0,0.9999999999999999,0.035261448295588034
0.04000000000000001,0.1,1.0,1.0,1.5,1.0999999999999999,0.09201638608647154
0.04000000000000001,0.1,1.0,1.0,2.0,0.9999999999999999,0.36088956690663754
0.04000000000000001,0.1,1.0,2.5,0.5,0.7,0.03313657363021713
0.04000000000000001,0.1,1.0,2.5,1.0,0.8999999999999999,0.04170921827084249
0.04000000000000001,0.1,1.0,2.5,1.5,0.9999999999999999,0.044698563193266753
0.04000000000000001,0.1,1.0,2.5,2.0,0.9999999999999999,0.04456722353134711
0.04000000000000001,0.1,1.0,5.0,0.5,0.7,0.033939857197528275
0.04000000000000001,0.1,1.0,5.0,1.0,0.8999999999999999,0.040318128227795964
0.04000000000000001,0.1,1.0,5.0,1.5,0.9999999999999999,0.042616690409905324
0.04000000000000001,0.1,1.0,5.0,2.0,0.9999999999999999,0.04437408019126038
0.04000000000000001,0.1,1.5,0.75,0.5,0.7,0.03309466205276664
0.04000000000000001,0.1,1.5,0.75,1.0,0.9999999999999999,0.0407135840386985
0.04000000000000001,0.1,1.5,0.75,1.5,1.0999999999999999,0.20914743058502658
0.04000000000000001,0.1,1.5,0.75,2.0,1.0999999999999999,0.6185471672880924
0.04000000000000001,0.1,1.5,1.0,0.5,0.7,0.033804067411136896
0.04000000000000001,0.1,1.5,1.0,1.0,0.9999999999999999,0.03575887304752632
0.04000000000000001,0.1,1.5,1.0,1.5,0.9999999999999999,0.09097328775329451
0.04000000000000001,0.1,1.5,1.0,2.0,1.0999999999999999,0.36144465274855303
0.04000000000000001,0.1,1.5,2.5,0.5,0.7999999999999999,0.03391854945919952
0.04000000000000001,0.1,1.5,2.5,1.0,0.8999999999999999,0.0399624572724362
0.04000000000000001,0.1,1.5,2.5,1.5,0.8999999999999999,0.04490105693456155
0.04000000000000001,0.1,1.5,2.5,2.0,0.9999999999999999,0.04446739635266146
0.04000000000000001,0.1,1.5,5.0,0.5,0.7999999999999999,0.03336108191266994
0.04000000000000001,0.1,1.5,5.0,1.0,0.8999999999999999,0.04133761878849317
0.04000000000000001,0.1,1.5,5.0,1.5,0.9999999999999999,0.04333426014218961
0.04000000000000001,0.1,1.5,5.0,2.0,0.9999999999999999,0.04386826311829369
0.04000000000000001,0.1,2.0,0.75,0.5,0.7,0.03155188803563607
0.04000000000000001,0.1,2.0,0.75,1.0,0.9999999999999999,0.040745985799264216
0.04000000000000001,0.1,2.0,0.75,1.5,1.0999999999999999,0.2093096278165425
0.04000000000000001,0.1,2.0,0.75,2.0,0.9999999999999999,0.6183307574808918
0.04000000000000001,0.1,2.0,1.0,0.5,0.7,0.033048500860408926
0.04000000000000001,0.1,2.0,1.0,1.0,0.9999999999999999,0.03432287563565524
0.04000000000000001,0.1,2.0,1.0,1.5,0.9999999999999999,0.09050842723005618
0.04000000000000001,0.1,2.0,1.0,2.0,0.9999999999999999,0.3610643675171968
0.04000000000000001,0.1,2.0,2.5,0.5,0.7,0.03255832804308811
0.04000000000000001,0.1,2.0,2.5,1.0,0.8999999999999999,0.04140583291742891
0.04000000000000001,0.1,2.0,2.5,1.5,0.9999999999999999,0.04207075524425729
0.04000000000000001,0.1,2.0,2.5,2.0,0.9999999999999999,0.04339716067027668
0.04000000000000001,0.1,2.0,5.0,0.5,0.7,0.03341846340058518
0.04000000000000001,0.1,2.0,5.0,1.0,0.8999999999999999,0.039873053556072624
0.04000000000000001,0.1,2.0,5.0,1.5,0.9999999999999999,0.04386671604381886
0.04000000000000001,0.1,2.0,5.0,2.0,0.9999999999999999,0.043413006939498136
